"unitId","unitNumber","unitTitle","lessonId","lessonTitle","spanish","english","category"
"es-u01","1","Survival Basics","es-u01-l01-hello-and-thanks","Hello and Thanks","hola","hello","survival-basics"
"es-u01","1","Survival Basics","es-u01-l01-hello-and-thanks","Hello and Thanks","buenos días","good morning","survival-basics"
"es-u01","1","Survival Basics","es-u01-l01-hello-and-thanks","Hello and Thanks","gracias","thank you","survival-basics"
"es-u01","1","Survival Basics","es-u01-l01-hello-and-thanks","Hello and Thanks","por favor","please","survival-basics"
"es-u01","1","Survival Basics","es-u01-l01-hello-and-thanks","Hello and Thanks","adiós","goodbye","survival-basics"
"es-u01","1","Survival Basics","es-u01-l01-hello-and-thanks","Hello and Thanks","disculpe","excuse me","survival-basics"
"es-u01","1","Survival Basics","es-u01-l02-slowly-and-english","Slowly and English?","sí","yes","survival-basics"
"es-u01","1","Survival Basics","es-u01-l02-slowly-and-english","Slowly and English?","no","no","survival-basics"
"es-u01","1","Survival Basics","es-u01-l02-slowly-and-english","Slowly and English?","lo siento","I am sorry","survival-basics"
"es-u01","1","Survival Basics","es-u01-l02-slowly-and-english","Slowly and English?","no entiendo","I do not understand","survival-basics"
"es-u01","1","Survival Basics","es-u01-l02-slowly-and-english","Slowly and English?","más despacio, por favor","more slowly, please","survival-basics"
"es-u01","1","Survival Basics","es-u01-l02-slowly-and-english","Slowly and English?","¿habla inglés?","do you speak English?","survival-basics"
"es-u02","2","Introductions","es-u02-l01-my-name-is","My Name Is","me llamo Rachel","my name is Rachel","introductions"
"es-u02","2","Introductions","es-u02-l01-my-name-is","My Name Is","¿cómo se llama?","what is your name?","introductions"
"es-u02","2","Introductions","es-u02-l01-my-name-is","My Name Is","mucho gusto","nice to meet you","introductions"
"es-u02","2","Introductions","es-u02-l01-my-name-is","My Name Is","soy de Canadá","I am from Canada","introductions"
"es-u02","2","Introductions","es-u02-l01-my-name-is","My Name Is","soy turista","I am a tourist","introductions"
"es-u02","2","Introductions","es-u02-l01-my-name-is","My Name Is","encantada","pleased to meet you","introductions"
"es-u02","2","Introductions","es-u02-l02-traveling-in-peru","Traveling in Peru","estoy viajando en Perú","I am traveling in Peru","introductions"
"es-u02","2","Introductions","es-u02-l02-traveling-in-peru","Traveling in Peru","estoy aprendiendo español","I am learning Spanish","introductions"
"es-u02","2","Introductions","es-u02-l02-traveling-in-peru","Traveling in Peru","hablo un poco de español","I speak a little Spanish","introductions"
"es-u02","2","Introductions","es-u02-l02-traveling-in-peru","Traveling in Peru","¿cómo está?","how are you?","introductions"
"es-u02","2","Introductions","es-u02-l02-traveling-in-peru","Traveling in Peru","estoy bien","I am well","introductions"
"es-u02","2","Introductions","es-u02-l02-traveling-in-peru","Traveling in Peru","gracias por su ayuda","thank you for your help","introductions"
"es-u03","3","Directions and Getting Around","es-u03-l01-where-is-it","Where Is It?","¿dónde está el baño?","where is the bathroom?","directions"
"es-u03","3","Directions and Getting Around","es-u03-l01-where-is-it","Where Is It?","¿dónde está mi hotel?","where is my hotel?","directions"
"es-u03","3","Directions and Getting Around","es-u03-l01-where-is-it","Where Is It?","el restaurante","the restaurant","directions"
"es-u03","3","Directions and Getting Around","es-u03-l01-where-is-it","Where Is It?","el aeropuerto","the airport","directions"
"es-u03","3","Directions and Getting Around","es-u03-l01-where-is-it","Where Is It?","está cerca","it is near","directions"
"es-u03","3","Directions and Getting Around","es-u03-l01-where-is-it","Where Is It?","está lejos","it is far","directions"
"es-u03","3","Directions and Getting Around","es-u03-l02-taxi-and-directions","Taxi and Directions","necesito un taxi","I need a taxi","directions"
"es-u03","3","Directions and Getting Around","es-u03-l02-taxi-and-directions","Taxi and Directions","¿cuánto cuesta?","how much does it cost?","directions"
"es-u03","3","Directions and Getting Around","es-u03-l02-taxi-and-directions","Taxi and Directions","a la izquierda","to the left","directions"
"es-u03","3","Directions and Getting Around","es-u03-l02-taxi-and-directions","Taxi and Directions","a la derecha","to the right","directions"
"es-u03","3","Directions and Getting Around","es-u03-l02-taxi-and-directions","Taxi and Directions","todo recto","straight ahead","directions"
"es-u03","3","Directions and Getting Around","es-u03-l02-taxi-and-directions","Taxi and Directions","la estación","the station","directions"
"es-u04","4","Food and Restaurants","es-u04-l01-ordering-food","Ordering Food","quiero agua","I want water","food"
"es-u04","4","Food and Restaurants","es-u04-l01-ordering-food","Ordering Food","quisiera café","I would like coffee","food"
"es-u04","4","Food and Restaurants","es-u04-l01-ordering-food","Ordering Food","quiero té","I want tea","food"
"es-u04","4","Food and Restaurants","es-u04-l01-ordering-food","Ordering Food","pollo con arroz","chicken with rice","food"
"es-u04","4","Food and Restaurants","es-u04-l01-ordering-food","Ordering Food","sopa, por favor","soup, please","food"
"es-u04","4","Food and Restaurants","es-u04-l01-ordering-food","Ordering Food","la cuenta, por favor","the bill, please","food"
"es-u04","4","Food and Restaurants","es-u04-l02-food-needs","Food Needs","sin carne","no meat","food"
"es-u04","4","Food and Restaurants","es-u04-l02-food-needs","Food Needs","¿esto es picante?","is this spicy?","food"
"es-u04","4","Food and Restaurants","es-u04-l02-food-needs","Food Needs","tengo alergia a los maníes","I have an allergy to peanuts","food"
"es-u04","4","Food and Restaurants","es-u04-l02-food-needs","Food Needs","no puedo comer eso","I cannot eat that","food"
"es-u04","4","Food and Restaurants","es-u04-l02-food-needs","Food Needs","solo verduras","only vegetables","food"
"es-u04","4","Food and Restaurants","es-u04-l02-food-needs","Food Needs","muy rico","very delicious","food"
"es-u05","5","Hotels and Tours","es-u05-l01-hotel-basics","Hotel Basics","tengo una reserva","I have a reservation","hotel"
"es-u05","5","Hotels and Tours","es-u05-l01-hotel-basics","Hotel Basics","la reserva está a nombre de Rachel","the reservation is under Rachel","hotel"
"es-u05","5","Hotels and Tours","es-u05-l01-hotel-basics","Hotel Basics","¿a qué hora es el desayuno?","what time is breakfast?","hotel"
"es-u05","5","Hotels and Tours","es-u05-l01-hotel-basics","Hotel Basics","necesito ayuda","I need help","hotel"
"es-u05","5","Hotels and Tours","es-u05-l01-hotel-basics","Hotel Basics","la llave, por favor","the key, please","hotel"
"es-u05","5","Hotels and Tours","es-u05-l01-hotel-basics","Hotel Basics","¿hay wifi?","is there wifi?","hotel"
"es-u05","5","Hotels and Tours","es-u05-l02-tour-questions","Tour Questions","¿a qué hora salimos?","what time do we leave?","hotel"
"es-u05","5","Hotels and Tours","es-u05-l02-tour-questions","Tour Questions","¿dónde nos encontramos?","where do we meet?","hotel"
"es-u05","5","Hotels and Tours","es-u05-l02-tour-questions","Tour Questions","¿puede repetir eso?","can you repeat that?","hotel"
"es-u05","5","Hotels and Tours","es-u05-l02-tour-questions","Tour Questions","un momento, por favor","one moment, please","hotel"
"es-u05","5","Hotels and Tours","es-u05-l02-tour-questions","Tour Questions","¿incluye transporte?","does it include transportation?","hotel"
"es-u05","5","Hotels and Tours","es-u05-l02-tour-questions","Tour Questions","estoy lista","I am ready","hotel"
"es-u06","6","Shopping and Markets","es-u06-l01-market-prices","Market Prices","¿cuánto cuesta esto?","how much is this?","shopping"
"es-u06","6","Shopping and Markets","es-u06-l01-market-prices","Market Prices","es muy caro","it is too expensive","shopping"
"es-u06","6","Shopping and Markets","es-u06-l01-market-prices","Market Prices","solo estoy mirando","I am just looking","shopping"
"es-u06","6","Shopping and Markets","es-u06-l01-market-prices","Market Prices","me gusta esto","I like this","shopping"
"es-u06","6","Shopping and Markets","es-u06-l01-market-prices","Market Prices","¿tiene otro color?","do you have another color?","shopping"
"es-u06","6","Shopping and Markets","es-u06-l01-market-prices","Market Prices","gracias, vuelvo luego","thanks, I will come back later","shopping"
"es-u06","6","Shopping and Markets","es-u06-l02-buying-and-paying","Buying and Paying","¿me puede hacer un descuento?","can you give me a discount?","shopping"
"es-u06","6","Shopping and Markets","es-u06-l02-buying-and-paying","Buying and Paying","me llevo esto","I will take this","shopping"
"es-u06","6","Shopping and Markets","es-u06-l02-buying-and-paying","Buying and Paying","pago en efectivo","I pay in cash","shopping"
"es-u06","6","Shopping and Markets","es-u06-l02-buying-and-paying","Buying and Paying","¿acepta tarjeta?","do you accept card?","shopping"
"es-u06","6","Shopping and Markets","es-u06-l02-buying-and-paying","Buying and Paying","necesito una bolsa","I need a bag","shopping"
"es-u06","6","Shopping and Markets","es-u06-l02-buying-and-paying","Buying and Paying","está bien, gracias","that is okay, thanks","shopping"
"es-u07","7","Emergencies and Problems","es-u07-l01-help-and-health","Help and Health","ayuda, por favor","help, please","emergency"
"es-u07","7","Emergencies and Problems","es-u07-l01-help-and-health","Help and Health","estoy perdida","I am lost","emergency"
"es-u07","7","Emergencies and Problems","es-u07-l01-help-and-health","Help and Health","estoy enferma","I am sick","emergency"
"es-u07","7","Emergencies and Problems","es-u07-l01-help-and-health","Help and Health","llame a un doctor","call a doctor","emergency"
"es-u07","7","Emergencies and Problems","es-u07-l01-help-and-health","Help and Health","¿dónde está la farmacia?","where is the pharmacy?","emergency"
"es-u07","7","Emergencies and Problems","es-u07-l01-help-and-health","Help and Health","me duele la cabeza","my head hurts","emergency"
"es-u07","7","Emergencies and Problems","es-u07-l02-lost-documents","Lost Documents","perdí mi teléfono","I lost my phone","emergency"
"es-u07","7","Emergencies and Problems","es-u07-l02-lost-documents","Lost Documents","perdí mi pasaporte","I lost my passport","emergency"
"es-u07","7","Emergencies and Problems","es-u07-l02-lost-documents","Lost Documents","llame a la policía","call the police","emergency"
"es-u07","7","Emergencies and Problems","es-u07-l02-lost-documents","Lost Documents","necesito la embajada","I need the embassy","emergency"
"es-u07","7","Emergencies and Problems","es-u07-l02-lost-documents","Lost Documents","¿me puede ayudar?","can you help me?","emergency"
"es-u07","7","Emergencies and Problems","es-u07-l02-lost-documents","Lost Documents","es una emergencia","it is an emergency","emergency"
"es-u08","8","Peru Travel Phrases","es-u08-l01-machu-picchu-and-tours","Machu Picchu and Tours","Machu Picchu","Machu Picchu","peru-travel"
"es-u08","8","Peru Travel Phrases","es-u08-l01-machu-picchu-and-tours","Machu Picchu and Tours","Cusco","Cusco","peru-travel"
"es-u08","8","Peru Travel Phrases","es-u08-l01-machu-picchu-and-tours","Machu Picchu and Tours","Lima","Lima","peru-travel"
"es-u08","8","Peru Travel Phrases","es-u08-l01-machu-picchu-and-tours","Machu Picchu and Tours","necesito un boleto","I need a ticket","peru-travel"
"es-u08","8","Peru Travel Phrases","es-u08-l01-machu-picchu-and-tours","Machu Picchu and Tours","¿dónde está la entrada?","where is the entrance?","peru-travel"
"es-u08","8","Peru Travel Phrases","es-u08-l01-machu-picchu-and-tours","Machu Picchu and Tours","¿dónde está el punto de encuentro?","where is the meeting point?","peru-travel"
"es-u08","8","Peru Travel Phrases","es-u08-l02-altitude-and-photos","Altitude and Photos","tengo mal de altura","I have altitude sickness","peru-travel"
"es-u08","8","Peru Travel Phrases","es-u08-l02-altitude-and-photos","Altitude and Photos","necesito descansar","I need to rest","peru-travel"
"es-u08","8","Peru Travel Phrases","es-u08-l02-altitude-and-photos","Altitude and Photos","¿puedo tomar una foto?","can I take a photo?","peru-travel"
"es-u08","8","Peru Travel Phrases","es-u08-l02-altitude-and-photos","Altitude and Photos","busco un guía","I am looking for a guide","peru-travel"
"es-u08","8","Peru Travel Phrases","es-u08-l02-altitude-and-photos","Altitude and Photos","la plaza","the plaza","peru-travel"
"es-u08","8","Peru Travel Phrases","es-u08-l02-altitude-and-photos","Altitude and Photos","el mercado","the market","peru-travel"
