"unitId","unitNumber","unitTitle","lessonId","lessonTitle","romanized","english","tags"
"u01","1","First Conversations","u01-l01-greetings","Greetings","assalamualaikum","peace be upon you / a common respectful greeting","greeting|polite"
"u01","1","First Conversations","u01-l01-greetings","Greetings","walaikum assalam","and peace be upon you / greeting reply","greeting|polite"
"u01","1","First Conversations","u01-l01-greetings","Greetings","dhonnobad","thank you","polite"
"u01","1","First Conversations","u01-l01-greetings","Greetings","abar dekha hobe","see you again","farewell"
"u01","1","First Conversations","u01-l01-greetings","Greetings","bhalo thako","stay well","farewell"
"u01","1","First Conversations","u01-l01-greetings","Greetings","shuvo shokal","good morning","greeting|time"
"u01","1","First Conversations","u01-l02-how-are-you","How Are You?","tumi kemon acho?","how are you?","question|friendly"
"u01","1","First Conversations","u01-l02-how-are-you","How Are You?","ami bhalo achi","I am good","reply"
"u01","1","First Conversations","u01-l02-how-are-you","How Are You?","khub bhalo","very good","reply"
"u01","1","First Conversations","u01-l02-how-are-you","How Are You?","motamuti","so-so","feeling"
"u01","1","First Conversations","u01-l02-how-are-you","How Are You?","ami thik achi","I am okay","reply"
"u01","1","First Conversations","u01-l02-how-are-you","How Are You?","ar tumi?","and you?","question"
"u02","2","Names and People","u02-l01-introduce-yourself","Introduce Yourself","ami Rachel","I am Rachel","identity"
"u02","2","Names and People","u02-l01-introduce-yourself","Introduce Yourself","amar naam Rachel","my name is Rachel","identity"
"u02","2","Names and People","u02-l01-introduce-yourself","Introduce Yourself","tomar naam ki?","what is your name?","question"
"u02","2","Names and People","u02-l01-introduce-yourself","Introduce Yourself","amar naam...","my name is...","identity"
"u02","2","Names and People","u02-l01-introduce-yourself","Introduce Yourself","ami Bangla shikchi","I am learning Bengali","learning"
"u02","2","Names and People","u02-l01-introduce-yourself","Introduce Yourself","ami ektu Bangla boli","I speak a little Bengali","learning"
"u02","2","Names and People","u02-l02-family-words","Family Words","ma","mother","family"
"u02","2","Names and People","u02-l02-family-words","Family Words","baba","father","family"
"u02","2","Names and People","u02-l02-family-words","Family Words","bon","sister","family"
"u02","2","Names and People","u02-l02-family-words","Family Words","bhai","brother","family"
"u02","2","Names and People","u02-l02-family-words","Family Words","amar ma","my mother","family"
"u02","2","Names and People","u02-l02-family-words","Family Words","eta amar bhai","this is my brother","family|sentence"
"u03","3","Food and Water","u03-l01-food-and-water","Food and Water","ami pani chai","I want water","food|need"
"u03","3","Food and Water","u03-l01-food-and-water","Food and Water","ami cha chai","I want tea","food|need"
"u03","3","Food and Water","u03-l01-food-and-water","Food and Water","ami bhaat chai","I want rice","food|need"
"u03","3","Food and Water","u03-l01-food-and-water","Food and Water","pani","water","food"
"u03","3","Food and Water","u03-l01-food-and-water","Food and Water","cha","tea","food"
"u03","3","Food and Water","u03-l01-food-and-water","Food and Water","bhaat","rice","food"
"u03","3","Food and Water","u03-l02-hungry-and-thirsty","Hungry and Thirsty","amar khide peyechhe","I am hungry","feeling|food"
"u03","3","Food and Water","u03-l02-hungry-and-thirsty","Hungry and Thirsty","amar pipasha peyechhe","I am thirsty","feeling|food"
"u03","3","Food and Water","u03-l02-hungry-and-thirsty","Hungry and Thirsty","amar pet bhore geche","I am full","feeling|food"
"u03","3","Food and Water","u03-l02-hungry-and-thirsty","Hungry and Thirsty","eta bhalo","this is good","opinion"
"u03","3","Food and Water","u03-l02-hungry-and-thirsty","Hungry and Thirsty","ami eta pochondo kori","I like this","opinion"
"u03","3","Food and Water","u03-l02-hungry-and-thirsty","Hungry and Thirsty","ami eta chai na","I do not want this","reply"
"u04","4","Questions and Replies","u04-l01-yes-no-replies","Yes, No, and Replies","ha","yes","reply"
"u04","4","Questions and Replies","u04-l01-yes-no-replies","Yes, No, and Replies","na","no","reply"
"u04","4","Questions and Replies","u04-l01-yes-no-replies","Yes, No, and Replies","thik ache","okay","reply"
"u04","4","Questions and Replies","u04-l01-yes-no-replies","Yes, No, and Replies","kono shomossha nei","no problem","reply"
"u04","4","Questions and Replies","u04-l01-yes-no-replies","Yes, No, and Replies","maf koro","sorry","polite"
"u04","4","Questions and Replies","u04-l01-yes-no-replies","Yes, No, and Replies","abar bolo","say it again","help"
"u04","4","Questions and Replies","u04-l02-simple-questions","Simple Questions","eta ki?","what is this?","question"
"u04","4","Questions and Replies","u04-l02-simple-questions","Simple Questions","tumi kothay?","where are you?","question"
"u04","4","Questions and Replies","u04-l02-simple-questions","Simple Questions","bathroom kothay?","where is the bathroom?","question|travel"
"u04","4","Questions and Replies","u04-l02-simple-questions","Simple Questions","keno?","why?","question"
"u04","4","Questions and Replies","u04-l02-simple-questions","Simple Questions","koto?","how much?","question|shopping"
"u04","4","Questions and Replies","u04-l02-simple-questions","Simple Questions","ekhon?","now?","time|question"
"u05","5","Feelings and Help","u05-l01-basic-feelings","Basic Feelings","ami khushi","I am happy","feeling"
"u05","5","Feelings and Help","u05-l01-basic-feelings","Basic Feelings","ami klanto","I am tired","feeling"
"u05","5","Feelings and Help","u05-l01-basic-feelings","Basic Feelings","ami osustho","I am sick","feeling"
"u05","5","Feelings and Help","u05-l01-basic-feelings","Basic Feelings","ami chinta korchi","I am worried","feeling"
"u05","5","Feelings and Help","u05-l01-basic-feelings","Basic Feelings","amar matha betha","my head hurts","health"
"u05","5","Feelings and Help","u05-l01-basic-feelings","Basic Feelings","ami bhalo nei","I am not well","feeling"
"u05","5","Feelings and Help","u05-l02-asking-for-help","Asking for Help","amake shahajjo koro","help me","help"
"u05","5","Feelings and Help","u05-l02-asking-for-help","Asking for Help","aste bolo","speak slowly","help"
"u05","5","Feelings and Help","u05-l02-asking-for-help","Asking for Help","ami bujhte parchi na","I do not understand","help"
"u05","5","Feelings and Help","u05-l02-asking-for-help","Asking for Help","ektu opekkha koro","wait a little","help"
"u05","5","Feelings and Help","u05-l02-asking-for-help","Asking for Help","eta abar bolo","say this again","help"
"u05","5","Feelings and Help","u05-l02-asking-for-help","Asking for Help","dhire dhire bolo","say it slowly","help"
